EXG Channel 1,EXG Channel 2,EXG Channel 3,EXG Channel 4,Timestamp,Response
99.62345501966774,-48.510242325253785,-33.169172707013786,98.66230073105544,1700252273.499644,
2.3636167719960213,-31.523616726510227,-24.60854170843959,37.73933045286685,1700252273.499644,
190.78725633956492,-16.234905707649887,-10.88310887105763,107.22667162958533,1700252273.5139816,
-118.98865699023008,-94.32775668241084,-53.64138506446034,62.175836763344705,1700252273.5139816,
108.22896481771022,-68.89269708376378,-46.041908354498446,157.1094572385773,1700252273.515154,
122.85197364445776,6.312951125204563,4.173728350549936,56.00126193650067,1700252273.515154,
-95.32630997058004,-76.41363589465618,-49.351719815284014,32.417452815920115,1700252273.5283031,
138.8063868554309,-100.68184670712799,-65.0293804295361,217.22086922638118,1700252273.5283031,
-7.3451635129749775,4.600076945498586,3.062978063710034,0.5497652934864163,1700252273.5439582,
91.17502101976424,-45.45474406145513,-33.7189380005002,89.93711413443089,1700252273.5439582,
7.300284713506699,-106.99853773228824,-65.8110195202753,161.27196588926017,1700252273.5447004,
-24.17097341362387,-27.70891877170652,-16.773451301269233,24.55618310905993,1700252273.5447004,
197.88184655550867,-13.886248535476625,-9.166494791395962,114.28386284597218,1700252273.5582895,
-127.50814908929169,-96.92324725165963,-57.343886020593345,65.76614072080702,1700252273.5582895,
112.74302406422794,-69.10213148128241,-47.42193143814802,154.3344514714554,1700252273.5739548,
122.60888014733791,6.548564822413027,3.377129659987986,54.37066555581987,1700252273.5739548,
-106.54600983764976,-81.35778363607824,-53.66008456423879,28.064209267497063,1700252273.574698,
148.53012674022466,-102.92952658049762,-66.34956511389464,221.39459757693112,1700252273.574698,
-6.410188524052501,1.3089649844914675,0.6769218919798732,-0.4375682948157191,1700252273.5882776,
101.85243539325893,-48.37560592684895,-33.13925350736827,97.21495944820344,1700252273.5882776,
11.410434764809906,-110.07647539582103,-60.971588977612555,159.79844530671835,1700252273.6039147,
-24.309349711984396,-27.230211577378213,-20.06456326227635,28.688772560097277,1700252273.6039147,
204.0938203819096,-19.507318168878555,-13.845109635964036,115.44697173219174,1700252273.6047251,
-126.46097710169852,-99.01385132689029,-65.44824922457337,66.91055010724813,1700252273.6047251,
110.37192749232054,-69.70799527410418,-47.653805235400796,155.92016905266792,1700252273.618734,
127.07058079447597,9.016898793168366,4.805771443061531,55.44401684310287,1700252273.618734,
-109.26491710543633,-75.44874170608819,-50.33157360367477,24.627241208218038,1700252273.6339393,
149.53989972826093,-96.89332805201411,-68.1447170926258,219.87245829496533,1700252273.6339393,
-1.6231165807694197,1.8662100778892636,3.818437854759395,-2.086864175274968,1700252273.6346884,
99.46637922152877,-50.66442469973117,-32.73160441219807,93.36660239379853,1700252273.6346884,
14.578130027279258,-104.44044616259634,-67.0302269058302,156.75416674278677,1700252273.6482553,
-9.555444386787713,-28.94682565703988,-19.417560569941998,34.72497108858079,1700252273.6482553,
193.74551720451564,-15.434567117132246,-12.805417448282242,113.34140805713832,1700252273.6639411,
-125.99348960723728,-96.4557597571984,-55.788087639026344,70.27646006736904,1700252273.6639411,
103.44563277438283,-68.73188138566911,-49.303101115860045,151.56318560428917,1700252273.6646965,
125.30534801539034,11.754505560733378,3.8745363540947437,61.341839073225856,1700252273.6646965,
-107.35382822807878,-78.50050006993115,-46.63655244745314,33.41974600404501,1700252273.6786714,
142.60986511036754,-99.0849094260484,-60.64621768146753,218.79536710772663,1700252273.6786714,
-2.045725275762379,5.377976136282086,4.716013844124973,2.2701192731037736,1700252273.6943848,
89.31629074178636,-51.12443239428103,-36.76321656443179,89.58182363864034,1700252273.6943848,
11.462793364189565,-106.13836074247956,-68.77676018513739,159.95926100481302,1700252273.695171,
-14.207879931665957,-30.753197335638106,-22.92932662833482,29.242277753539383,1700252273.695171,
190.91815283801407,-15.767418213188648,-10.273505178280175,109.17141960654408,1700252273.7087955,
-123.7981683332473,-98.48652543313801,-64.74514803290367,69.96978827100247,1700252273.7087955,
105.47639845032245,-70.97956125903875,-47.51542893704027,148.83305863663554,1700252273.723923,
129.38183896709234,4.2447864497080445,2.378576371818781,55.791827538982034,1700252273.723923,
-101.91601369250566,-79.89548275340348,-48.117552829906344,29.889280445873737,1700252273.72515,
144.27412059064955,-100.83144270535558,-65.7324816212058,215.6538511449471,1700252273.72515,
-0.9087956892326474,-1.9858868764713407,3.0442785639315844,-1.3127048844471574,1700252273.7385707,
86.49640617519617,-50.41759130265564,-35.53278947900981,88.12326265592128,1700252273.7385707,
20.52083105687052,-105.00143115594983,-67.98764129448682,160.90919559355825,1700252273.7539866,
-13.568357039242983,-30.63352053705603,-21.639061143621802,24.870334705337882,1700252273.7539866,
187.92623287346214,-16.8594690002501,-11.159861467778683,106.0112041439861,1700252273.7550297,
-119.64313948247582,-96.40340115781873,-61.828026067465544,72.59893793985248,1700252273.7550297,
94.34645618218929,-69.52848007623106,-47.58274713624269,143.49248149991035,1700252273.7687147,
123.70467083435506,5.759445931762457,5.359276636503637,61.2146824747324,1700252273.7687147,
-109.76606369949877,-78.04423227533698,-48.921631320379674,34.859607486985624,1700252273.784607,
141.772127520293,-97.5253711445257,-60.90801067836583,218.1820235149935,1700252273.784607,
-1.2603462850674987,3.4033089596778154,4.794551743194461,-0.5048864940181375,1700252273.7847328,
80.7444400433451,-49.04130811896175,-38.11332044843584,86.34307027701288,1700252273.7847328,
17.027764498256147,-109.3471949044615,-66.39444391336292,164.12176965549588,1700252273.7982447,
-15.946933411061764,-27.892173869535327,-17.154921096749604,28.352181564085186,1700252273.7982447,
182.9409462325275,-16.94174679927528,-11.582470162771642,111.56121567822993,1700252273.8140657,
-123.32320103887469,-98.44538653362542,-63.2903269501403,71.28623305540532,1700252273.8140657,
96.79983055312186,-67.15738350432366,-49.95384370815009,146.32358576636761,1700252273.814727,
126.92472469620407,5.407895335927606,2.6254097688943148,60.41434388421476,1700252273.814727,
-109.71370510011911,-82.6330895209685,-52.42965747881681,33.4234859040007,1700252273.828794,
143.47004210017622,-96.35104255843908,-64.2552211387083,217.55372032243758,1700252273.828794,
4.704794144257903,3.0816775634884834,0.6918814918026328,-3.422008459456265,1700252273.84401,
81.6681953324005,-48.484063025563955,-36.93899186234921,86.13737577944994,1700252273.84401,
21.055636750534177,-107.2004923298955,-65.42580982483923,167.50637911539525,1700252273.844738,
-16.212466307915747,-27.271350476890802,-21.137914549559355,27.050696379505098,1700252273.844738,
188.73031136393547,-19.398861070163548,-15.217652919702232,109.37337420415133,1700252273.8589942,
-115.63396672997624,-96.47445925697684,-57.06713342387229,76.32761819567531,1700252273.8589942,
94.49605218041688,-67.49397450033575,-48.858053021132946,139.625424945727,1700252273.8903017,
131.2517889449373,2.4683339707553387,5.161061938852072,57.89365131407976,1700252273.8903017,
-110.27095019351691,-83.34741041250527,-51.49094258993864,31.710611724294722,1700252273.8916595,
141.9516427181661,-98.0452172383666,-60.40686408430338,218.30170031357557,1700252273.8916595,
0.5460253935307264,3.1115967631340027,3.61648325715214,-1.0359522877261043,1700252273.8919227,
70.22410146798939,-50.73548279888928,-36.007756773382425,87.43512106407434,1700252273.8919227,
20.386194658465683,-105.84664854593575,-64.3636782374233,170.76383197680116,1700252273.892625,
-14.802524024620652,-25.34904189966619,-19.66813386697322,25.39018079917878,1700252273.892625,
180.5661097606644,-18.015098086558282,-13.67681413795799,105.53623684961349,1700252273.9033103,
-111.17226608283818,-98.24717183597386,-61.67095026932657,73.76204682607204,1700252273.9033103,
98.21725263632834,-65.63524422235787,-45.81377445720136,137.15335107501596,1700252273.9188657,
135.93788358941674,7.603216609917581,5.665948432870209,60.89305107854307,1700252273.9188657,
-113.13197365961969,-80.1497959503904,-52.33242007996887,24.716998807154596,1700252273.933975,
146.85465156007558,-98.76327802985907,-66.11395141668618,213.51836827024817,1700252273.933975,
7.176868014968932,1.3463639840483665,5.157322038896382,-1.9634474767372012,1700252273.93476,
73.6274104276672,-51.270288492552936,-32.55208921432495,83.99441310483962,1700252273.93476,
25.31912270002067,-104.3806077633053,-66.44306261278689,170.2290262831375,1700252273.9484649,
-21.459545945748687,-29.702285448089242,-16.743532101623714,23.071442826651037,1700252273.9484649,
184.37332791555673,-20.027164262719452,-15.516844916157424,110.31582899298519,1700252273.963966,
-115.62648693006486,-101.77389749418944,-61.30817997362465,70.46719496510923,1700252273.963966,
93.47505949251354,-66.46550201252103,-42.829334292560816,138.97468235343695,1700252273.9647305,
131.19943034555763,6.275552125647664,-0.45252789463847876,59.68880329281092,1700252273.9647305,
-117.20098481141031,-82.38251622393727,-52.908364673145115,30.072535543702543,1700252273.9951177,
152.28872619569302,-96.39966125786304,-62.7704808562994,220.998168181628,1700252273.9951177,
4.256006149575114,6.010019228793681,4.83195074275136,0.9574143886566162,1700252273.9954412,
73.5152134289965,-51.96590988431126,-36.32190836966038,84.86954969447106,1700252273.9954412,
30.700838736258447,-103.1240013781935,-62.75926115643233,174.54861073195934,1700252273.9962697,
-21.081816050224006,-26.18677948974073,-20.689126554876566,22.95176602806896,1700252273.9962697,
184.61642141267657,-20.625548255629838,-10.692373973317444,107.75773742329329,1700252274.008998,
-110.72721798811108,-96.36226225830615,-58.914644001983106,78.87449006550014,1700252274.008998,
90.5242784274742,-70.72898796200752,-46.139145753346384,137.6245784694329,1700252274.0239613,
134.53542110603303,3.8408772544935346,4.140069250948727,59.55416689440608,1700252274.0239613,
-116.77089631650597,-80.88281634170562,-48.16243162937462,30.027656744234264,1700252274.025138,
146.07675236929208,-96.99430535081774,-65.62028462253511,214.26634826138616,1700252274.025138,
12.89891494717449,4.764632543548942,2.1878414740785956,5.909041929990053,1700252274.038602,
65.24629462696612,-53.02056167181581,-35.618807177990675,83.3361907126382,1700252274.038602,
31.519876826554537,-105.93640614487231,-66.51038081198931,168.91258149873465,1700252274.0540023,
-12.981192746199667,-26.691665983758867,-14.682847226038575,25.076029202900827,1700252274.0540023,
182.85118863359094,-21.081816050224006,-13.130788744427264,104.84061545785517,1700252274.0547173,
-111.72577127628028,-98.70717953052372,-56.87265862617642,79.5177528578788,1700252274.0547173,
87.75301256030798,-66.58143891114742,-46.54305494856089,132.4672564305365,1700252274.068326,
135.12258539907634,2.41971527133137,-0.6507425922900438,60.601338881999254,1700252274.068326,
-123.73459003400058,-81.17078863829374,-47.287295039743185,30.001477444544435,1700252274.0839317,
142.50140801165253,-95.34874937031418,-63.62691794615239,213.97463606484234,1700252274.0839317,
11.997599057853222,4.9291881415992975,5.594890333712101,2.6777683682739735,1700252274.0851846,
62.160877163521945,-53.89569826144725,-34.48561749141663,80.42654854711145,1700252274.0851846,
32.12200071942061,-104.80695635825396,-65.34353202581406,171.23505937121809,1700252274.0982802,
-27.286310076713562,-28.21380526572466,-16.87442860007286,21.33986914716661,1700252274.0982802,
184.11527481861413,-20.53205075673759,-17.7121661901474,113.76775665208697,1700252274.1139712,
-108.24392441753298,-96.69885325431824,-60.608818681910634,80.93891484104097,1700252274.1139712,
85.97282018139958,-66.01671401783824,-44.22805687598884,130.5112887537107,1700252274.1147733,
138.0247477646917,-1.0920507870614529,0.18699499778449535,64.11310494039208,1700252274.1147733,
-116.59512101858854,-84.45442079938948,-51.93225078471005,31.80036932323128,1700252274.1283047,
152.0755518982187,-97.49919184483588,-63.09211225248873,215.3210000488907,1700252274.1283047,
12.524924951605499,4.633736045099795,5.183501338586211,0.044878799468278885,1700252274.1437242,
61.65225076954812,-54.576360053382814,-35.618807177990675,80.47890714649111,1700252274.1437242,
38.479830644093454,-108.30750271677971,-66.7347748093307,174.03998433798552,1700252274.1589568,yes
-18.48632548097521,-27.099315078929067,-19.507318168878555,18.785517477430403,1700252274.1589568,yes
181.91247374471277,-20.06456326227635,-15.70010001398623,107.53708332590759,1700252274.159735,yes
-99.17840692494065,-97.55903024412692,-55.45523654296994,85.87184288259596,1700252274.159735,yes
85.43801448773593,-64.73018843308091,-42.15989220049232,129.9503037603572,1700252274.1740065,yes
140.68007673323154,6.3802693244069815,-0.362770295701921,66.140130716376,1700252274.1740065,yes
-121.33731416240335,-78.52293946966529,-48.60373982414603,32.54460941441357,1700252274.1746907,yes
152.2550670960918,-88.44115415215492,-59.404570896178484,219.92481689434499,1700252274.1746907,yes
1.768972679041326,6.402708724141121,2.8685032660141587,3.982993452809751,1700252274.204764,yes
52.59795297682285,-54.916690949350595,-37.72811075299978,79.5588917573914,1700252274.204764,yes
31.269303529523313,-107.43610602710396,-64.24026153888553,178.32590968720615,1700252274.2054248,yes
-27.447125774808228,-23.76706421840936,-14.005925334058702,20.281477459706366,1700252274.2054248,yes
183.31867612805218,-26.61312808468938,-11.212220067158341,111.65845307707787,1700252274.2061763,yes
-108.98816450871527,-101.37746809888631,-58.63789140526205,79.17742196191102,1700252274.2061763,yes
87.13218916766346,-64.1056251404807,-42.432904897257686,127.7250632867217,1700252274.21834,yes
143.20450920332223,2.7525663673877716,0.0523585993796587,65.74370132107288,1700252274.21834,yes
-117.54505560733378,-80.19093484990299,-52.8036474743858,32.26411691773683,1700252274.2345564,yes
152.30368579551578,-94.20060008391738,-62.51616765931249,217.22834902629256,1700252274.2345564,yes
15.737499013543129,4.682354744523764,4.069011151790619,5.478953435085714,1700252274.2347524,yes
61.85420536715537,-58.85480560269207,-38.10584064852446,76.83250468969345,1700252274.2347524,yes
41.54280870780349,-110.2372910939157,-72.60641773976386,177.230119000189,1700252274.2485402,yes
-30.326848740689456,-25.973605192266405,-19.552196968346834,14.267718330956995,1700252274.2485402,yes
195.00212358962744,-22.667533631436527,-19.017391274683177,115.06924183666706,1700252274.2640803,yes
-100.04232381470501,-101.44478629808873,-62.216975662857294,84.51051929872483,1700252274.2640803,yes
82.41617532353848,-61.416637072339654,-43.16592528857291,129.6922506634146,1700252274.2648416,yes
140.33600593730807,0.40016929525882006,-4.506579446606338,63.09959205240011,1700252274.2648416,yes
-119.06719488929957,-81.94494792912155,-47.89315883256495,32.66054631303996,1700252274.279166,
154.218514572829,-93.62091559078544,-58.45089640747756,211.79801429063082,1700252274.279166,
14.839923024177551,8.149242003448308,6.907595218159258,3.706240856088698,1700252274.294,
51.88737198524177,-53.09161977097392,-36.99135046172887,77.27381288446486,1700252274.294,
41.58020770736039,-103.2698574764654,-64.72270863316953,175.191873524338,1700252274.2949936,
-23.27339742425829,-26.011004191823304,-15.393428217619658,18.321769882924855,1700252274.2949936,
176.58311630785465,-19.32406307104975,-15.378468617796898,110.54770279023796,1700252274.3086264,
-108.22522491775453,-100.09468241408467,-57.91235081385821,85.90550198219717,1700252274.3086264,
79.3718967596069,-63.95976904220879,-45.058314666152,121.41959196142852,1700252274.3238351,
141.98156191781163,4.001692952588201,1.9073489774018526,70.88232386019081,1700252274.3238351,
-124.35167352668941,-86.28697177767754,-53.761061863042414,35.38319348078221,1700252274.3392985,
151.83245840109885,-94.12206218484789,-64.57311263494194,209.92432441283017,1700252274.3392985,
23.224778724834323,4.233566749840975,4.738453243859112,10.217406678944826,1700252274.3397353,
56.906317725777626,-58.69772980455309,-38.97723733820021,78.3322045719251,1700252274.3397353,
45.94093105569482,-112.78416296374053,-67.70340889785439,177.58166959602386,1700252274.3540149,
-18.47510578110814,-27.847295070067048,-15.572943415492773,12.86525584757328,1700252274.3540149,
187.58590197749436,-29.219838353805244,-24.795536706224084,106.61706793680787,1700252274.354978,
-96.20892636012286,-100.01614451501518,-60.04409378860146,86.11867627967149,1700252274.354978,
80.75565974321216,-66.20370901562274,-43.33048088662326,120.6155134709552,1700252274.3688164,yes
146.4806615645066,-1.488480182364583,-6.604663321748376,70.80004606116563,1700252274.3688164,yes
-125.840153709054,-85.90550198219717,-50.33157360367477,29.264717153273523,1700252274.383984,yes
157.68914173170924,-97.11398214939982,-58.933343501761556,216.3980912361294,1700252274.383984,yes
19.533497468568385,3.2798922611400485,5.146102339029312,4.304624848999083,1700252274.3848157,yes
49.07496721856296,-55.48141584265977,-38.98845703806728,74.46888791769743,1700252274.3848157,yes
44.72920347005129,-104.98647155612707,-68.01382059417665,181.15327405370772,1700252274.3984227,yes
-33.36738740466535,-20.397414358332753,-13.860069235786796,15.599122715182602,1700252274.3984227,yes
185.72343179956079,-19.009911474771798,-18.49380528088659,111.92772587388754,1700252274.414102,yes
-100.95485940389335,-99.65711411926895,-57.878691714257,92.86171589978039,1700252274.414102,yes
76.17802219744772,-61.57745277043432,-45.89979215618223,123.67849153466523,1700252274.414986,yes
146.71627526171505,1.7652327790856361,-0.9985532881692052,70.19792216829956,1700252274.414986,yes
-128.23368968069553,-86.52632537484169,-51.259068792685866,28.800969558767974,1700252274.4283335,yes
154.19233527313918,-97.54407064430416,-59.65140429325402,216.2522351378575,1700252274.4283335,yes
23.157460525631905,4.345763748511672,7.771512107923627,4.342023848555982,1700252274.443977,yes
47.44437083788216,-57.003555124625564,-37.97120425011963,78.58651776891202,1700252274.443977,yes
47.19753744080663,-106.10470164287835,-67.19104260392487,180.24821826443076,1700252274.444712,yes
-20.049603662453592,-23.32201612368226,-14.970819522626698,18.340469382703304,1700252274.444712,yes
177.66768729500473,-25.80156979430467,-18.56112348008901,105.43899945076555,1700252274.4589508,yes
-89.92589443456382,-100.06476321443915,-59.19887639861554,92.63358200248331,1700252274.4589508,yes
73.30951893143356,-62.216975662857294,-43.59227388352156,121.73748345766217,1700252274.4750047,
149.46510172914714,1.2603462850674987,2.0270257759839296,71.2937128553167,1700252274.4750047,
-127.2837550919503,-83.42968821153045,-51.25532889273018,33.92837239801884,1700252274.4898098,
151.72774120233953,-92.90285479929298,-58.66033080499619,212.38891848362982,1700252274.4898098,
-3.459407459013164,73.61993062775582,52.960723272524774,-67.26023075310513,1700252274.4902945,
13.007372045889497,9.417068088427186,9.813497483730316,-0.08414774900302291,1700252274.4911375,
26.9011003812775,-41.16133891232312,-18.84535587672144,106.17388979205862,1700252274.4911375,
-48.2447094283998,48.79073482193053,39.09691413678229,-58.98383215116337,1700252274.5032928,
150.31779891904444,43.79048858117312,29.507810650393367,34.07983834622428,1700252274.5032928,
-119.8002152806148,-31.0523893320933,-9.23007309064269,17.13435164699331,1700252274.5195904,
45.52206226065755,3.653882256709039,6.83653711900115,40.35165057191625,1700252274.5195904,
126.9471640959382,67.85300489608198,51.82753358595073,-0.8657868397422135,1700252274.5197134,
-157.56572503317147,-16.788410901091993,-3.855836854316294,-44.09155052760616,1700252274.5197134,
129.31078086793423,-25.80156979430467,-16.762231601402164,140.76422448223457,1700252274.53331,
1.9634474767372012,69.96978827100247,55.2121430458501,-69.975398120936,1700252274.53331,
12.824116948060691,11.152381667867303,9.028118493035436,-3.9624240030534565,1700252274.5495205,
29.78082334715873,-39.93091182690114,-19.634474767372012,109.0723122577183,1700252274.5495205,
-52.65779137611389,45.99702955503017,35.618807177990675,-61.556883320678025,1700252274.5497067,
150.48983431700617,41.89809920359403,25.487418198026717,31.110357781406492,1700252274.5497067,
-117.26456311065704,-36.16857247147709,-15.000738722272217,16.36393225612119,1700252274.5633483,yes
40.38343972153962,2.569311269558966,7.131989215500653,44.99660631688312,1700252274.5633483,yes
126.82374739740044,67.58373209927231,46.38597915042192,-4.194297800306231,1700252274.5789857,yes
-160.21357420179993,-18.45640628132969,-5.957660629414022,-44.652535520959646,1700252274.5789857,yes
125.18193131685257,-25.195706001482904,-11.70588686130941,138.36320871068165,1700252274.5797708,yes
-2.703947667963803,74.90645621251315,54.64367825258523,-68.04560974380001,1700252274.5797708,yes
9.933174282312393,9.574143886566162,7.902408606372774,-4.8899191920645535,1700252274.6097436,yes
26.429872986860573,-38.34893414564431,-15.097976121120155,107.8867639717646,1700252274.6097436,yes
-58.89594450220466,46.853466644883156,33.30754900537431,-60.6780068310909,1700252274.610408,yes
153.85948417708278,45.01717576663941,30.109934543259442,38.96040778839961,1700252274.610408,yes
-123.18482474051416,-33.636660201475024,-9.166494791395962,20.144971111323684,1700252274.61118,yes
36.89411306288093,7.973466705530882,9.888295482844114,38.986587088089436,1700252274.61118,yes
123.05018834210932,68.64212378673255,48.03527503088117,-3.2107041119597852,1700252274.6401336,yes
-162.98857996892184,-20.771404353901744,-3.4070488596335053,-42.80876484280452,1700252274.6401336,yes
134.27362810913473,-29.81822234671563,-16.93052709940821,141.76651767035946,1700252274.6409662,yes
0.39268949534744024,75.45996140595526,55.46645624283701,-66.39631386334077,1700252274.6409662,yes
8.01834550499916,6.354090024717152,8.216560202650726,-4.500969596672803,1700252274.6411004,yes
29.212358553893864,-42.39924579765648,-22.663793731480837,112.15398982120678,1700252274.6411004,yes
-50.38393220305443,40.96312421467155,33.73015770036727,-62.791050306055695,1700252274.6532683,yes
145.35495167784393,39.16423233598471,24.1223547141999,29.63309729890898,1700252274.6532683,yes
-117.08504791278392,-38.26665634661913,-16.208726407960057,19.430650219786912,1700252274.669254,yes
37.45509805623442,7.274105413816869,6.683201220817864,43.73252013185993,1700252274.669254,yes
124.81542112119496,66.09151201695204,44.32155437488109,-1.7147441296838224,1700252274.6697516,yes
-155.665855855681,-17.962739487178624,-4.394382447935641,-46.46638699946925,1700252274.6697516,yes
123.04270854219794,-25.648233896121383,-13.66559443809092,134.29045765893534,1700252274.684134,yes
2.1429626746103168,76.80258549004793,51.86119268555194,-64.38798758713529,1700252274.684134,yes
-3.9194151535630226,4.9703270411118865,6.765479019843042,-2.862893416080624,1700252274.6989803,yes
26.98711808025837,-40.503116520121694,-23.449172722175717,105.8111194963567,1700252274.6989803,yes
-53.9143977612257,46.438337749801576,37.638353154063225,-66.47111186245456,1700252274.7002368,yes
149.09111173357815,43.02754899021238,27.73509807139635,39.35683718370274,1700252274.7002368,yes
-118.99613679014146,-32.350134616717696,-10.87936897110194,16.614505553152412,1700252274.7461162,yes
36.378006868995726,8.758845696225762,8.47087339963764,38.16006919788197,1700252274.7461162,yes
128.4356442783028,66.12517111655325,48.59252012427896,0.6675721420906484,1700252274.7472591,yes
-158.8185915183276,-21.7512581422925,-6.02871872857213,-44.98912651697174,1700252274.7472591,yes
124.97249691933393,-21.242631748318672,-15.32611001841724,135.37128874612972,1700252274.7480187,yes
6.369049624539912,73.23472093231976,51.81631388608366,-66.63940736046061,1700252274.7480187,yes
3.3210311606526375,10.49789917562157,6.182054626755416,-7.526548660825938,1700252274.748774,yes
35.633766777813435,-43.9101653797552,-21.242631748318672,114.94021528819576,1700252274.748774,yes
-46.36727965064347,45.98206995520741,33.50950360298157,-63.65122729586437,1700252274.7754087,yes
144.75656768493354,42.025255802087486,32.25289721786976,32.3669641665183,1700252274.7754087,yes
-108.15042691864073,-33.44218540377915,-10.04537128098309,23.219168874900788,1700252274.7761445,yes
40.016929525882006,10.47919967584312,10.303424377925694,36.8511042133905,1700252274.7761445,yes
127.65774508751929,68.09609839320183,46.19524425268173,-1.0640015373937786,1700252274.7768877,yes
-152.02319329883903,-21.100515550002456,-5.800584831275046,-44.304724825080484,1700252274.7768877,yes
130.37665235530585,-25.76417079474777,-10.696113873273134,137.24871852388605,1700252274.7780848,yes
3.3135513607412577,73.53017302881926,46.97688334342092,-65.59971517277882,1700252274.7780848,yes
-2.584270869381726,9.592843386344612,9.402108488604426,-6.064247778151184,1700252274.7889802,yes
33.01957670878619,-39.49708343204111,-22.58151593245566,107.04528648173437,1700252274.7889802,yes
-60.534020682796836,46.464517049491405,37.84404765162617,-66.05598296737298,1700252274.803871,yes
146.11789126880467,44.60578677151352,31.968664821237326,34.28553284378722,1700252274.803871,yes
-112.25683706998825,-33.625440501607955,-14.51081182807684,24.629111158195883,1700252274.8196144,yes
34.54545589070767,8.88600229471922,9.327310489490628,32.78209306159988,1700252274.8196144,yes
126.9845630954951,65.33231232594699,42.874213092029095,-0.48057714430615306,1700252274.8197684,yes
-160.86057689413428,-16.201246608048677,-2.662808768451214,-42.621769845020026,1700252274.8197684,yes
130.6571448519826,-25.599615196697414,-10.0416313810274,137.69002671865746,1700252274.8333335,yes
4.83569064270705,71.83225844893605,51.16183139383793,-65.85776826972142,1700252274.8333335,yes
-4.143809150904417,7.63687570951879,6.193274326622486,-1.572627931367606,1700252274.8493748,yes
37.51493645552546,-36.867933763191104,-16.792150801047683,116.05096557503566,1700252274.8493748,yes
-50.496129201725125,48.22600992862135,37.79168905224651,-66.17565976595506,1700252274.8501954,yes
147.15758345648646,38.97723733820021,30.98881103284657,35.53465942898765,1700252274.8501954,yes
-111.6846323767677,-37.02874946128577,-14.305117330513895,22.598345482256263,1700252274.8636122,yes
29.470411650836468,9.398368588648736,10.43058097641915,31.828418572898954,1700252274.8636122,yes
132.60189282894135,66.05785291735083,46.33362055104226,0.22252404736354947,1700252274.8793693,yes
-160.9278950933367,-21.859715241007507,-6.877676018513739,-37.5916044046171,1700252274.8793693,yes
126.33756040316075,-22.98916502762586,-9.892035382799804,135.66674084262922,1700252274.8796864,yes
7.65183530934155,75.6282569039613,58.00958821270615,-62.88080790499225,1700252274.8796864,yes
-11.346856465563178,8.216560202650726,8.149242003448308,-6.958083867561072,1700252274.8936489,yes
38.872520139440894,-43.315521286800504,-20.300176959484816,112.49058081721887,1700252274.8936489,yes
-49.344240015372634,48.18861092906445,36.16109267156571,-63.01544430339709,1700252274.9094744,yes
147.7036088500172,37.253143458627164,28.800969558767974,32.183709068689495,1700252274.9094744,yes
-106.63576743658632,-36.7220776649192,-13.549657539464533,26.214828739408404,1700252274.909738,yes
32.26411691773683,6.066117728129029,11.990119257941842,28.72430160967633,1700252274.909738,yes
131.90253153722733,62.77796065621078,46.894605544395745,5.177891488652676,1700252274.923319,yes
-163.65802206099033,-19.469919169321656,-3.055498263798654,-45.430434711743146,1700252274.923319,yes
134.84957270231098,-28.759830659255385,-15.011958422139287,133.0413310737349,1700252274.9394748,yes
10.793351272121072,71.73502105008811,54.62123885285109,-61.06695642648265,1700252274.9394748,yes
-7.573297410272062,2.775005767121911,7.124509415589273,-10.956036920193583,1700252274.9398608,yes
41.89809920359403,-45.95215075556189,-21.29125044774264,114.10247769812122,1700252274.9398608,yes
-56.532327730208635,48.050234630703926,35.83572137542069,-69.67620612448081,1700252274.953299,yes
141.63375122193247,39.10065403673798,27.192812577821314,33.18600225681439,1700252274.953299,yes
-100.33403601124883,-36.11995377205312,-16.635075002908707,29.057152705732733,1700252274.9699204,yes
27.477044974453747,10.000492481514812,9.102916492149234,26.891750631388277,1700252274.9699204,yes
135.11510559916496,68.33919189032167,46.80858784541488,-1.2248172354884446,1700252274.9699297,yes
-168.35159650538117,-19.129588273353875,-7.887449006550014,-50.23994605476037,1700252274.9699297,yes
136.75318177975714,-21.923293540254235,-11.376775665208697,136.28008443536237,1700252274.983326,yes
3.6838014563545585,70.5532126640901,53.04300107154995,-63.28097720025107,1700252274.983326,yes
-10.374482477083802,10.991565969772637,6.253112725913525,-11.285148116294295,1700252274.9997263,yes
44.448710973374546,-40.22636392340064,-17.27459789533168,116.1108039743267,1700252274.9997263,yes
-71.35729115456343,47.13769904151559,37.14842625986785,-73.44228537986055,1700252274.9998567,yes
152.04189279861748,37.88518655113876,26.51963058579713,39.64854938024655,1700252274.9998567,yes
-102.51065778546035,-30.876614034175873,-10.84196997154504,31.450688677374274,1700252275.0133128,yes
25.835228893905878,11.474013064056635,7.63687570951879,31.92939587170258,1700252275.0133128,yes
129.70721026323736,66.27102721482515,45.43604456167668,2.3093882226385176,1700252275.045784,yes
-156.69432834349573,-16.84824930038303,-4.151288950815797,-39.36057708365843,1700252275.045784,yes
127.98685628362,-22.817129629664123,-12.554844151251018,132.68604057794437,1700252275.046147,yes
14.985779122449458,75.80403220187873,54.969049548730254,-57.78332426538691,1700252275.046147,yes
-21.410927246324718,6.653282021172345,0.5048864940181375,-9.104786442127079,1700252275.047159,yes
45.3911657622084,-43.229503587819636,-23.045263526961207,117.81993825407699,1700252275.047159,yes
-56.24435543362051,45.89231235627085,32.54834931436926,-70.69345891242847,1700252275.048042,yes
141.8095265198499,40.420838721096516,25.72303189523518,31.95557517139241,1700252275.048042,yes
-99.24572512414306,-37.91136585082859,-17.31947669479996,26.128811040427536,1700252275.0596375,yes
24.720738707110286,12.04621775727719,10.07155058067292,24.68520965753123,1700252275.0596375,yes
135.96406288910657,69.73043467383832,44.00366287864745,1.3444940340705216,1700252275.0737967,yes
-153.5528123807162,-21.089295850135386,-2.139222774654627,-40.695721367839724,1700252275.0737967,yes
126.84992669709027,-24.399107310920954,-13.931127334944904,133.39662156952545,1700252275.1212175,yes
14.394874929450452,74.1809156211093,56.30793373286724,-56.21256628399715,1700252275.1212175,yes
-18.10485568549484,6.873936118558049,5.508872634731233,-9.87146593304351,1700252275.1223042,yes
44.34399377461523,-37.989903749898076,-20.696606354787946,118.00693325186148,1700252275.1223042,yes
-59.722462392412126,52.141685182228684,42.7994150929153,-70.00531732058153,1700252275.1231024,yes
141.8132664198056,40.25628312304616,25.73051169514656,38.10771059850231,1700252275.1231024,yes
-105.25948425289243,-41.3146748105064,-15.041877621784806,27.9576221187599,1700252275.123268,yes
18.419007281772792,3.781038855202496,8.242739502340555,25.878237743396312,1700252275.123268,yes
136.63724488113075,64.31131963804364,46.860946444794536,8.454043849837035,1700252275.1343005,yes
-162.88386277016252,-17.921600587666035,-2.326217772439122,-38.986587088089436,1700252275.1343005,yes
130.18965735752136,-23.868041517212987,-14.383655229583383,131.38455539336428,1700252275.1353168,yes
21.635321243666112,72.37080404255539,46.73378984630108,-59.39896104624495,1700252275.1353168,yes
-14.252758731134236,5.931481329724193,7.203047314658761,-8.472743349615484,1700252275.1496954,yes
53.12901877053082,-43.74560978170484,-19.799030365422368,118.54921874543652,1700252275.1496954,yes
-54.108872558921576,51.95843008439988,36.007756773382425,-74.07058857241645,1700252275.1498196,yes
140.69129643309861,32.402493216097355,24.840415505692363,32.50534046487883,1700252275.1498196,yes
-101.0857559023425,-39.8336744280532,-15.70010001398623,33.53755285264924,1700252275.1638243,yes
24.09243551455438,11.874182359315455,9.742439384572208,21.59605229413137,1700252275.1638243,yes
143.47004210017622,64.5132742356509,45.331327362917364,6.210103876423091,1700252275.1957405,yes
-161.97132718097419,-21.115475149825215,-6.2979915253818035,-39.71212767949328,1700252275.1957405,yes
134.62517870496958,-20.92848015204072,-7.730373208411038,134.73550575366244,1700252275.1961956,yes
12.951273546554148,76.86616378929466,53.85829926189035,-58.21715266024694,1700252275.1961956,yes
-20.98457865137607,8.732666396535933,8.934620994143188,-6.441977673675865,1700252275.1971846,yes
49.273181916214526,-38.32649474591017,-15.554243915714324,122.32651770068333,1700252275.1971846,yes
-66.89559050742537,54.60253935307264,36.89785296283662,-73.93221227405593,1700252275.1980317,yes
139.74510174430907,43.3903192859143,27.955752168782055,36.94460171228275,1700252275.1980317,yes
-102.24886478856206,-33.27015000581741,-13.493559040129185,33.025186558719724,1700252275.2086797,yes
13.631935338489711,14.368695629760623,11.829303559847176,22.575906082522124,1700252275.2086797,yes
137.55352037027478,67.06014610547572,46.56549434829503,3.704370906110853,1700252275.223322,yes
-170.35244298167527,-19.425040369853377,-5.598630233667791,-41.39134275959805,1700252275.223322,yes
128.33840687945485,-20.50587145704776,-11.586210062727332,127.64091553771868,1700252275.2393622,yes
13.770311636850238,71.18525575660169,52.17908418178558,-58.96887255134061,1700252275.2393622,yes
-24.268210812471807,6.481246623210609,4.514059246517718,-10.851319721434265,1700252275.2399,yes
55.40287794359028,-43.1322661889717,-21.75499804224819,125.21746036643162,1700252275.2399,yes
-53.57032696530223,50.3577529033646,36.815575163811445,-73.65545967733487,1700252275.2535727,yes
137.83027296699584,33.67031930107623,25.539776797406375,33.6273104515858,1700252275.2535727,yes
-94.76158507727087,-41.01174291409552,-16.279784507118165,32.27720656758174,1700252275.2695475,yes
16.373282006010413,4.237306649796665,2.82362446654588,16.427510555367917,1700252275.2695475,yes
143.59345879871398,63.69049624539912,43.93260477948934,6.973043467383832,1700252275.2697086,yes
-166.82945722341537,-21.74377834238112,-4.323324348777533,-43.66520193265751,1700252275.2697086,yes
127.71384358685464,-21.3062100475654,-7.356383212842047,129.6006231145002,1700252275.283288,yes
19.69805306661874,74.84661781322211,55.335559744387865,-53.134628620464355,1700252275.283288,yes
-29.43675255123526,4.4056021478027105,5.550011534243822,-12.908264697063714,1700252275.299577,yes
47.75478253420442,-39.605540530756116,-20.88734125252813,120.88665621774271,1700252275.299577,yes
-63.04349355306476,53.38707186747342,41.34459401015192,-71.87152739847079,1700252275.2997024,yes
142.53132721129805,39.34000763390213,27.166633278131485,36.671589015517384,1700252275.2997024,yes
-100.03110411483794,-33.640400101430714,-14.783824524842203,34.236914144363254,1700252275.3134007,yes
7.543378210626543,13.553397439420223,13.747872237116098,17.699076540302485,1700252275.3134007,yes
134.64761810470372,64.85360513161868,46.468256949447095,3.2107041119597852,1700252275.3447037,
-167.31190431769937,-20.90230085235089,-8.130542503669858,-39.076344687025994,1700252275.3447037,
125.58584051206708,-21.29125044774264,-12.04621775727719,132.58132337918505,1700252275.3452828,
16.399461305700243,75.56467860471457,51.52834158949554,-58.789357353467494,1700252275.3452828,
-33.82365519925952,0.1533358981832862,4.356983448378742,-16.77158135129139,1700252275.3601143,
57.50096181873232,-40.77986911684275,-22.09906883817166,121.26812601322308,1700252275.3601143,
-59.741161892190576,51.15809149388224,40.63027311861515,-74.31742196949199,1700252275.3610218,
142.96889550611377,36.99883026164025,24.227071912959218,32.50160056492314,1700252275.3610218,
-92.64854160230607,-35.41311268042773,-14.795044224709272,36.84362441347912,1700252275.361292,
17.005325098522007,11.23839936684817,10.06033088080585,17.414844143670052,1700252275.361292,
143.75801439676434,60.00669478904456,43.652112282812595,4.2466563996858895,1700252275.3734083,
-161.84043068252504,-25.079769102856517,-9.604063086211681,-40.15343587426469,1700252275.3734083,
129.4715965660289,-24.690819507464767,-12.150934956036508,129.40240841684863,1700252275.3890352,
25.143347402103245,69.48360127676278,48.98146971967071,-59.140907949302346,1700252275.3890352,
-28.389580563642085,0.8826163895428181,3.706240856088698,-16.075959959533066,1700252275.3899355,
64.04952664114535,-38.26291644666344,-14.357475929893553,119.99656002828851,1700252275.3899355,
-54.505301954224706,49.16098491754383,35.603847578167915,-76.08265474857762,1700252275.4041133,
136.07251998782158,31.183285830542445,21.878414740785956,28.092258517164737,1700252275.4041133,
-90.54671782720834,-34.90074638649821,-15.782377813011408,37.5542054050602,1700252275.419336,
11.503932263702154,9.405848388560116,6.885155818425119,14.845532874111086,1700252275.419336,
136.11739878728986,61.394197672605515,41.44557130895555,3.0798076135106385,1700252275.4197884,
-169.67926098965108,-21.455806045792997,-5.269519037567079,-39.34561748383567,1700252275.4197884,
124.40403212606907,-19.29788377135992,-8.747625996358693,129.5968832145445,1700252275.4503546,
18.781777577474713,73.54887252859771,55.13360514678061,-55.87597528798506,1700252275.4503546,
-39.680338529869914,4.300884949043393,4.674874944612384,-16.999715248588473,1700252275.4503713,
56.67818382848054,-37.48127735592425,-18.430226981639862,125.38575586443767,1700252275.4503713,
-60.39564438443631,52.66901107598096,42.74705649353564,-74.82230846351013,1700252275.4517763,
132.56449382938445,32.95973830949515,25.240584800951183,27.96136201871559,1700252275.4517763,
-92.25211220700294,-41.47923040855676,-15.404647917486727,38.37324349535629,1700252275.4792562,
11.171081167645752,15.213913019746542,9.944393982179463,11.50206231372431,1700252275.4792562,
143.61589819844812,63.56707954686135,43.00510959047824,6.576614072080702,1700252275.4961188,
-164.6303960494697,-18.53120428044349,-7.352643312886357,-41.67183525627479,1700252275.4961188,
126.10942650586367,-18.88649477623403,-10.505378975532949,127.98872623359784,1700252275.4973752,
28.55787606164813,73.78448622580618,55.17848394624889,-55.35612919414416,1700252275.4973752,
-40.56295491941273,-4.22047709999606,2.6384994187392294,-16.472389354836196,1700252275.4975905,
60.31710648536682,-38.79585219034925,-18.562993430066854,126.15617525530979,1700252275.4982276,
-54.45294335484505,55.25889179529622,36.649149615783244,-73.54700257861987,1700252275.4982276,
134.71867620386183,33.95268174773082,22.497368183452636,32.8494112608023,1700252275.5252955,
-87.98488635756075,-36.94086181232706,-13.128918794449419,36.8885032129474,1700252275.5252955,
14.746425525285304,17.46346284309402,15.11106577096507,17.220369345974177,1700252275.5254762,
143.30922640208155,63.3819544990547,49.23765286663547,8.719576746691018,1700252275.5254762,
-165.72618673648685,-21.1771834990941,-3.0424086139537394,-36.667849115561694,1700252275.5263526,
120.19664467591792,-19.11649862350896,-7.208657164592296,127.64465543767437,1700252275.5263526,
32.039722920395434,72.77658318774775,53.68065401399508,-50.80841084802523,1700252275.538436,
-39.265209634788334,0.3010619464330375,5.103093489538878,-18.230142334010452,1700252275.538436,
57.57201991789043,-43.17527503846213,-22.205655986908823,123.36620988836512,1700252275.5864203,yes
-60.82199297938496,51.63118883827701,40.58352436916903,-77.66089252987877,1700252275.5864203,yes
138.90362425427884,35.2205078327097,23.806333167944103,34.92879563616589,1700252275.587264,yes
-89.85109643545002,-40.231973773334175,-17.721515940036625,38.642516292165965,1700252275.587264,yes
9.368449389003217,9.116006141994148,10.417491326574236,7.8668795567937195,1700252275.5875409,yes
147.0678258575499,59.219445848371834,43.16779523855075,13.525348189752549,1700252275.5875409,yes
-164.94454764574766,-23.402423972729594,-8.779415145982057,-39.99262017617002,1700252275.5890195,yes
131.27048844471574,-23.12193147605285,-13.185017293784767,123.17921489058062,1700252275.5890195,yes
34.040569396689534,69.73604452377185,54.1930203079246,-56.66135427867994,1700252275.599779,yes
-44.34773367457092,0.7274105413816869,4.134459401015192,-19.696183116640896,1700252275.599779,yes
67.22096180357039,-38.182508597616106,-22.575906082522124,122.21058080205694,1700252275.5997868,yes
-55.52629464212805,57.01290487451479,38.88560978928581,-74.66897256532684,1700252275.5997868,yes
128.03173508308828,33.451535153668374,23.320146173704416,34.93253553612158,1700252275.6145756,yes
-87.86520955897868,-37.26623310847208,-16.846379350405186,40.15717577422038,1700252275.6145756,yes
9.27121199015528,15.036267771851271,13.663724488113075,10.406271626707166,1700252275.6147835,yes
138.97094245348126,65.1584069780074,45.35563671262935,13.061600595247,1700252275.6147835,yes
-169.38380889315158,-22.946156178135425,-6.355959974694997,-35.362624031025916,1700252275.6285956,yes
121.97309715487063,-19.613905317615718,-6.183924576733261,124.43956117564812,1700252275.6285956,yes
30.62230083718896,73.64050007751212,54.290257706772536,-52.99625232210383,1700252275.6441162,yes
-47.15265864133835,1.40433243336156,1.3033551345579326,-19.13145822333172,1700252275.6441162,yes
64.91344353090972,-36.30507881985977,-16.70426315208897,127.30432454170659,1700252275.6451905,yes
-62.84153895545751,51.30581754213199,39.57375138113275,-77.12234693625942,1700252275.6451905,yes
138.6567908572033,35.21302803279832,24.29999996209517,36.38735661888495,1700252275.6586535,yes
-81.27924573700875,-37.51306650554761,-14.632358576636761,44.0765909277834,1700252275.6586535,yes
3.1115967631340027,15.945063461083919,11.677837611641735,4.4860099968500435,1700252275.6746306,yes
149.09111173357815,59.75799144199118,42.06452475162223,12.201423605438322,1700252275.6746306,yes
-171.77360496483743,-23.50340127153322,-8.461523649748415,-40.677021868061274,1700252275.674802,yes
129.66981126368046,-21.319299697410315,-11.401085014920682,122.02732570422813,1700252275.674802,yes
38.69300494156778,76.50900334352627,50.95052704634145,-52.78681792458519,1700252275.6885931,yes
-46.842246945016086,1.1911581358872354,7.85939975688234,-18.27502113347873,1700252275.6885931,yes
66.40566361322999,-39.94026157679036,-22.3253327854909,123.83743728278205,1700252275.7204163,yes
-54.99896874837577,59.42888024589047,42.80876484280452,-75.3159752576612,1700252275.7204163,yes
129.0938666705042,34.94375523598865,23.054613276850432,37.56542510492727,1700252275.721453,yes
-82.40495562367141,-38.676175391767174,-12.968103096354753,45.479053411167115,1700252275.721453,yes
1.8774297777563334,17.414844143670052,13.671204288024455,2.488903420511633,1700252275.7221823,yes
150.21308172028512,65.06116957915947,44.14764902694151,17.231589045841247,1700252275.7221823,yes
-172.51784505601972,-23.245348174590617,-7.526548660825938,-37.079238110687584,1700252275.7228117,yes
123.73085013404489,-19.662524017039686,-4.878699492197484,122.55091169802472,1700252275.7228117,yes
31.617114225402474,72.37267399253324,52.10615613264963,-52.15851473202929,1700252275.7333207,
-51.56948048900813,-0.5927741429768503,6.284901875536889,-21.86532509094104,1700252275.7333207,
66.81331270840019,-35.5533589287661,-16.225555957760662,130.95446689845994,1700252275.748864,
-63.97098874207586,56.9343669754453,40.92385526513681,-78.56220841920003,1700252275.748864,
137.90507096610963,34.72310113860294,20.806933403480798,32.87559056049213,1700252275.764022,
-79.8917428534478,-37.99551359983161,-16.35645245620981,45.860523206647485,1700252275.764022,
4.158768750727177,18.34981913259253,13.48046939028427,0.562854943331331,1700252275.7647,
146.2936665667221,59.27180444775149,41.20060786185786,11.760115410666913,1700252275.7647,
-171.61278926674277,-24.860984955448657,-6.875806068535894,-37.28119270829484,1700252275.7789657,
118.67450539395213,-22.145817587617785,-12.347279703710228,123.77385898353532,1700252275.7789657,
35.648726377636194,71.7929894994013,50.53913805121556,-49.125455867964774,1700252275.7944863,
-48.4317044261843,-2.4365448211319745,4.815121192950755,-21.319299697410315,1700252275.7944863,
68.30553279072046,-41.043532063718885,-19.374551720451564,127.61847613798454,1700252275.7947795,
-59.58034619409591,54.01350511005148,40.37408997165039,-78.91749891499057,1700252275.7947795,
130.63844535220414,29.322685602586716,23.009734477382153,32.999007259029895,1700252275.809185,
-76.23038079682738,-38.36202379548922,-17.283947645220906,44.97042701719329,1700252275.809185,
3.2088341619819403,17.579399741720408,15.739368963520974,3.7978684050031006,1700252275.8245208,
151.09195820987225,60.06466323835775,45.2621392137371,12.399638303089887,1700252275.8245208,
-166.28717172984034,-22.822739479597658,-8.465263549704105,-38.4817005940713,1700252275.825323,
124.27313562761992,-16.565886853728443,-7.249796064104885,119.47671393444762,1700252275.825323,
38.09836084861308,73.61806067777798,56.23500568373129,-48.1530818794854,1700252275.838426,
-54.931650549173355,-2.2832089229486883,6.296121575403959,-21.07994610024616,1700252275.838426,
67.66600989829749,-41.15946896234527,-21.352958797011524,127.60351653816178,1700252275.8541095,
-58.540654006414115,55.539384291972965,45.95776060549542,-79.11571361264214,1700252275.8541095,
130.45519025437534,33.784386249724776,21.1771834990941,33.12242395756766,1700252275.85489,
-74.79799911379814,-37.19517500931397,-15.657091164495796,49.454567064065486,1700252275.85489,
0.7292804913595319,19.711142716463655,16.898737949784845,2.3879261217080057,1700252275.869105,
148.43288934137672,59.85896874079481,45.24717961391434,15.724409363698214,1700252275.869105,
-172.4505268568173,-25.97921504219994,-4.190557900350541,-34.52862634090707,1700252275.8845775,
125.5783607121557,-19.692443216685206,-8.416644850280136,119.57769123325124,1700252275.8845775,
37.89640625100583,75.60020765429363,56.01061168638989,-47.96234698174521,1700252275.8848484,
-60.986548577435315,-0.9817237383686006,0.6339130424894392,-22.770380880218,1700252275.8848484,
72.03047314658761,-36.204101521056145,-17.56070024194196,131.17138109588996,1700252275.914855,
-59.348472396843135,52.97755282232538,43.844717130530626,-76.97649083798751,1700252275.914855,
130.59730645269156,35.867510525044054,22.216875686775893,38.76967289065942,1700252275.9158835,yes
-77.0008001876995,-42.47591374674812,-13.940477084834129,52.779338124673814,1700252275.9158835,yes
1.5370988817885518,16.218076157849282,17.93469023751095,-2.1223932248540223,1700252275.9162984,yes
152.02693319879472,60.21051933662966,46.14101570332423,13.383231991436332,1700252275.9162984,yes
-165.10910324379802,-28.518607112113386,-4.377552898135036,-35.75157362641767,1700252275.9290788,yes
124.75932262185961,-18.521854530554265,-11.599299712572247,115.60217758035287,1700252275.9290788,yes
41.52410920802504,75.2000383590348,53.489919116254896,-50.80093104811385,1700252275.9446874,yes
-60.515321183018386,-5.076914189849049,2.167272024322301,-21.1771834990941,1700252275.9446874,yes
77.45706798229367,-37.004440111573786,-24.32991916174069,129.1219159201719,1700252275.9447415,yes
-63.89619074296206,59.978645539376885,39.17732198582962,-81.41201218543574,1700252275.9447415,yes
123.77572893351316,29.5882184994407,17.216629446018487,35.441161930095404,1700252275.9585116,yes
-68.36163129005581,-37.24753360869363,-14.568780277390033,53.912527811247855,1700252275.9585116,yes
-4.237306649796665,22.818999579641968,15.07366677140817,-0.20756444754078984,1700252275.9897113,yes
151.8922968003899,60.808903329540044,41.32028466043994,15.11106577096507,1700252275.9897113,yes
-167.84671001136303,-26.158730240073055,-8.289488251786679,-35.10083103412762,1700252275.9906192,yes
122.97165044303983,-16.386371655855328,-9.08608694234863,121.0025931163691,1700252275.9906192,yes
40.102947224862874,75.58898795442656,54.97839929861948,-47.67437468515709,1700252276.0050256,yes
-58.993181901052594,2.5936206192709506,5.8959522801451385,-23.746494768653065,1700252276.0050256,yes
77.86097717750818,-37.838437801692635,-19.1389380232431,131.91562118707225,1700252276.005716,yes
-62.80040005594492,60.52467093290761,41.006133064161986,-80.41345889726654,1700252276.005716,yes
128.34962657932192,30.83734508464113,21.98126198956743,34.263093444053084,1700252276.0066102,yes
-73.29829923156649,-40.243193473201245,-18.125425135251135,51.82566363597289,1700252276.0066102,yes
-0.23187379725277424,22.3627317850478,13.704863387625664,-0.9331050389446318,1700252276.0192196,yes
147.26230065524578,63.28471710020676,43.519345834385604,12.051827607210726,1700252276.0192196,yes
-171.76986506488174,-26.80573293240741,-10.125779130030423,-34.629603639710695,1700252276.034932,yes
122.07781435362995,-13.89559828536585,-8.693397447001189,118.45198134658858,1700252276.034932,yes
43.91764517966658,71.25444390578195,54.2678183070384,-43.870896430220455,1700252276.0349395,yes
-63.825132643803954,-2.301908422727138,8.525101948995143,-28.223155015613884,1700252276.0349395,yes
73.45911492966115,-41.57459785742685,-19.15763752302155,128.93866082234308,1700252276.048731,yes
-57.295267321169376,57.02038467442617,41.69801455596462,-82.71723726997152,1700252276.048731,yes
121.96561735495925,29.53959980001673,23.372504773084074,32.32582526700571,1700252276.063736,yes
-62.123478163965046,-42.44225464714691,-16.049780659843236,51.3394766417332,1700252276.063736,yes
-5.426594835706055,18.70136972842738,17.766394739504904,-2.6758984182961285,1700252276.079083,yes
147.08652535732836,60.44239313388243,41.79151205485687,19.232435522135347,1700252276.079083,yes
-166.14131563156843,-23.623078070115298,-10.585786824580282,-32.654936463106424,1700252276.0800846,yes
120.66787207033485,-17.220369345974177,-8.973889943677932,115.8864099769853,1700252276.0800846,yes
50.72052319906652,74.86344736302271,49.884655558969826,-45.5575913102366,1700252276.094591,yes
-61.813066467642784,-2.862893416080624,-0.9331050389446318,-25.276113850530237,1700252276.094591,yes
78.30602527223527,-39.061385087203234,-18.514374730642885,132.11009598476812,1700252276.0947402,yes
-56.85395912639797,57.66364746680483,43.63528273301199,-76.71843774104491,1700252276.0947402,yes
121.95065775513649,28.215675215702504,22.538507082965225,31.97427467117086,1700252276.1083305,yes
-71.59290485177189,-41.36142355995253,-16.061000359710306,54.63432850269601,1700252276.1083305,yes
-9.577883786521852,17.8411927386187,16.102139259222895,-6.4195382739417255,1700252276.124028,yes
147.52409365214407,56.5267178802751,41.76159285521135,15.413997667375952,1700252276.124028,yes
-165.73740643635392,-26.068972641136497,-4.927318191621453,-35.052212334703654,1700252276.1247492,yes
119.18313178792596,-17.654197740834206,-9.06738744257018,113.75092710228637,1700252276.1247492,yes
46.00824925489724,76.30704874591902,55.161654396448284,-46.88525579450652,1700252276.1384373,yes
-68.49252778850496,5.278868787456304,5.327487486880273,-24.827325855847448,1700252276.1384373,yes
81.35778363607824,-32.78583296155557,-18.237622133921832,132.73839917732403,1700252276.1539576,yes
-62.568526258692145,60.008564739022404,45.894182306248695,-81.11282018898055,1700252276.1539576,yes
118.77548269275576,33.67966905096546,23.451042672153562,37.29989220807329,1700252276.1546843,yes
-70.57939196377993,-41.21930736163631,-17.85989223839715,56.84834927646443,1700252276.1546843,yes
-18.830396276898682,23.19672947516665,16.34149285638705,-14.733335875440389,1700252276.168339,yes
159.51047301013023,60.92858012812212,39.023986087646335,21.218322398606688,1700252276.168339,yes
-167.21840681880713,-24.838545555714518,-9.02624854305759,-34.34163134312257,1700252276.2007153,yes
121.40089246165007,-19.684963416773826,-10.185617529321462,116.40999597078189,1700252276.2007153,yes
49.09366671834141,71.96876479731873,54.05090410960838,-48.02592528099194,1700252276.201117,yes
-71.79859934933484,-1.9840169264934957,-0.2449634470976889,-31.854597872588784,1700252276.201117,yes
86.73201987240463,-38.04039239929989,-22.994774877559394,131.2611386948265,1700252276.20247,yes
-60.82947277929634,60.375074934680015,44.282285425346345,-82.8369140685536,1700252276.20247,yes
129.15370506979525,27.295659826602787,17.94590993737802,30.149203492794186,1700252276.2026432,yes
-64.33375903777778,-36.34621771937236,-14.849272774066776,57.29339737119153,1700252276.2026432,yes
-2.1167833749204874,19.45308961952105,16.042300859931856,-3.9325048034079373,1700252276.2139583,yes
151.05829911027104,57.529011068399996,38.86317038955167,14.725856075529009,1700252276.2139583,yes
-169.08835679665208,-30.612951087299734,-10.2454559286125,-28.35031161410734,1700252276.2451744,yes
112.91505946218967,-16.30783375678584,-11.999469007831067,110.91234303591773,1700252276.2451744,yes
47.096560142003,72.66812608903274,50.88320884713903,-44.37952282419428,1700252276.2454164,yes
-77.66276247985661,-4.800161593127996,3.82778760464862,-28.167056516278535,1700252276.2454164,yes
79.90296255331486,-35.400023030582815,-21.345478997100145,132.40554808126763,1700252276.246652,yes
-57.55332041811198,58.95391295151785,44.87318961834535,-82.30958817480132,1700252276.246652,yes
107.36130802799016,28.35405151406303,19.251135021913797,29.356344702187926,1700252276.2588675,yes
-70.74394756183028,-38.47796069411561,-17.197929946240038,57.85812226450071,1700252276.2588675,yes
-11.69092726148665,20.29082720959559,17.96086953720078,-10.985956119839102,1700252276.27456,yes
148.98265463486314,59.155867549125105,42.84616384236142,18.637791429180652,1700252276.27456,yes
-167.28198511805385,-26.32328583812341,-7.698584058787674,-25.16017695190385,1700252276.2753923,yes
115.94811832625419,-16.805240450892597,-5.929611379746348,111.07689863396809,1700252276.2753923,yes
53.12153897061944,73.09821458393708,50.60645625041798,-49.32367056561634,1700252276.288482,yes
-72.8495112368837,-5.993189678993076,-2.257029623258859,-28.77666020905599,1700252276.288482,yes
84.46564049925655,-41.54841855773702,-22.564686382655054,133.32182357041165,1700252276.3040206,yes
-59.29611379746348,60.004824839066714,49.44334736419842,-80.15166590036824,1700252276.3040206,yes
120.207864375785,30.175382792484015,19.95049631362781,31.93687567161396,1700252276.305341,yes
-60.04783368855715,-41.802731754723936,-20.38432470848784,58.01519806263968,1700252276.305341,yes
-11.324417065829039,23.020954177249223,18.27876103343442,-11.827433609869331,1700252276.3190808,yes
155.49382045771927,57.06526347389445,39.71212767949328,25.11529815243557,1700252276.3190808,yes
-167.90654841065407,-25.885717543307692,-7.04784146649763,-30.7737667853944,1700252276.334613,yes
118.74556349311024,-13.001762195955962,-3.547295107971877,112.40082321828231,1700252276.334613,yes
55.698330040089786,75.92183905048296,53.920007611159235,-40.83035776624456,1700252276.334731,yes
-81.90754892956465,0.09910734882578254,4.706664094235748,-35.863770625088364,1700252276.334731,yes
91.0067255217582,-36.94086181232706,-19.98415541322902,134.6719274544157,1700252276.3484375,yes
-60.219869086518884,64.68343968363479,45.430434711743146,-79.91979210311547,1700252276.3484375,yes
120.58185437135398,26.147510540205985,19.830819515045732,29.98838779469952,1700252276.3640227,yes
-59.92441699001938,-37.082978010643274,-16.390111555811018,59.69815304270014,1700252276.3640227,yes
-15.804817212745547,24.954482454340905,16.042300859931856,-8.26704885205254,1700252276.3647652,yes
160.09015750326216,61.79249701788649,40.217014173511416,24.655290457885712,1700252276.3647652,yes
-169.77275848854333,-23.753974568564445,-8.102493254002184,-27.052566329482943,1700252276.378922,yes
114.15296634752303,-12.354759503621608,-7.43305116193369,112.64391671540216,1700252276.378922,yes
56.524847930297256,77.35796063346788,53.77041161293164,-39.58497108099982,1700252276.394202,yes
-76.93722188845277,-8.25956905214116,3.1620854125358164,-29.61065789917484,1700252276.394202,yes
95.70403986610472,-37.32981140771881,-17.43728354340419,136.54935723217204,1700252276.3952792,yes
-58.63415150530636,61.25021152431145,48.97211996978149,-81.41575208539143,1700252276.3952792,yes
122.54530184809119,28.8103193086572,21.218322398606688,35.874990324955434,1700252276.4087627,yes
-59.374651696532965,-38.204947997350246,-17.669157340656966,58.725779054220766,1700252276.4087627,yes
-14.701546725817025,24.74878795677796,15.660831064451486,-14.651058076415211,1700252276.4240236,yes
158.0706115271896,58.13487486122176,41.35394376004115,24.427156560588628,1700252276.4240236,yes
-166.1936742309481,-24.917083454784006,-8.521362049039453,-26.637437434401363,1700252276.42481,yes
112.59342806600034,-10.428711026441306,-3.1957445121370256,112.94310871185735,1700252276.42481,yes
59.714982592500746,74.4595381678082,53.72927271341905,-39.053905287291855,1700252276.4382913,yes
-87.66325496137142,-8.2446094523184,3.188264712225646,-38.72479409119114,1700252276.4382913,yes
90.41956122871488,-36.95956131210551,-23.17429007543251,135.89113483997062,1700252276.4705913,yes
-62.44884946011007,62.54795680893585,48.340076877269894,-84.21319725224748,1700252276.4705913,yes
119.32524798624218,28.189495916012675,16.969796048942953,30.624170787166804,1700252276.4711795,yes
-58.84732580278069,-38.41064249491319,-16.423770655412227,58.99131195107475,1700252276.4711795,yes
-19.619515167549253,24.976921854075044,19.651304317172617,-20.870511702727526,1700252276.4722323,yes
163.42240836378187,59.152127649169415,40.273112672846764,27.011427429970354,1700252276.4722323,yes
-171.07424367312342,-27.310619426425546,-7.474190061446279,-29.831311996560544,1700252276.47257,yes
111.7220313763246,-13.386971891392022,-3.902585603762418,108.53750656405464,1700252276.47257,yes
53.342193068005145,69.33213532855734,50.5241784513928,-39.21472098538652,1700252276.4834583,yes
-85.60630998574197,-9.658291635569185,-0.4057791451923549,-30.79994608508423,1700252276.4834583,yes
98.55945348227397,-34.56041549053043,-23.037783727049828,135.59194284351543,1700252276.4990077,yes
-50.737352748867124,61.364278472959995,46.22516345232725,-86.00086943106726,1700252276.4997888,yes
117.49082705797628,27.40972677525133,19.163247372955084,27.99128121836111,1700252276.4997888,yes
-55.20279329596087,-37.29428235813975,-17.110042297281325,61.02207762701437,1700252276.5139432,yes
-12.410858002956957,21.72507884260267,17.36809539422393,-15.238222369458526,1700252276.5139432,yes
156.41196589684114,54.931650549173355,39.190411635674536,17.358745644334704,1700252276.529294,yes
-166.2815618799068,-31.243124229833484,-9.6339822858572,-25.56782604707405,1700252276.529294,yes
119.21492093754932,-12.595983050763607,-4.854390142485499,106.18884939188138,1700252276.5297763,yes
62.820969505701214,71.60412455163896,46.82354744523764,-39.20350128551945,1700252276.5297763,yes
-84.82280094502494,-7.375082712620497,1.4398614829406142,-33.829265049193054,1700252276.543964,yes
92.59057315299287,-33.651619801297784,-21.37352824676782,135.55828374391422,1700252276.543964,yes
-57.121361973229796,61.97762206569314,44.856360068544745,-85.89989213226363,1700252276.55901,yes
109.89135034801438,28.722431659698486,20.270257759839296,34.33415154321119,1700252276.55901,yes
-51.19736044341698,-38.68178524170071,-18.14973448496312,62.28242391208187,1700252276.560246,yes
-16.850119250360876,26.403693687170744,22.55533663276583,-13.633805288467556,1700252276.560246,yes
155.0917812124826,55.316860244609416,39.201631335541606,23.15933047560975,1700252276.5734036,yes
-167.2501959684305,-26.646787184290588,-6.03619852848351,-26.977768330369145,1700252276.5734036,yes
107.13130418071523,-12.195813755504787,-5.4527741353958845,102.96131573012099,1700252276.5891204,yes
59.87018844066188,78.66131576802582,48.65983832348138,-40.43766827089712,1700252276.5891204,yes
-87.56414761254564,-3.1190765630453825,4.01665255241096,-29.99960749456659,1700252276.589926,yes
87.22755661653355,-34.833428187295794,-18.46388608124107,138.310850111302,1700252276.589926,yes
-58.04885716224089,62.66202375758439,42.6498190946877,-85.05093484232202,1700252276.6037848,yes
109.77167354943231,28.490557862445712,16.399461305700243,29.281546703074127,1700252276.6037848,yes
-50.95052704634145,-37.84030775167048,-15.445786816999316,68.93570593325421,1700252276.6192646,yes
-18.439576731529087,22.798430129885674,20.827502853237092,-22.30289338575676,1700252276.6192646,yes
162.19759112829342,55.47393604274839,40.56669481936842,20.69099650485441,1700252276.6199603,yes
-163.34200051473454,-28.370881063863635,-7.5845171101391315,-26.880530931521207,1700252276.6199603,yes
110.57201213994995,-11.346856465563178,-4.155028850771487,102.48260853579268,1700252276.6339593,yes
59.39896104624495,69.01611378230155,50.63824540004134,-41.3726432598196,1700252276.6339593,yes
-89.68093098746613,-11.956460158340633,-2.8685032660141587,-31.791019573342055,1700252276.6490238,
95.7283492158167,-38.816421640105546,-17.30825699493289,138.95411290368065,1700252276.6490238,
-54.361315805930644,63.89993064291775,45.84743355680257,-82.64243927085772,1700252276.6500428,
105.81485939631239,23.632427820004523,18.250711783766747,29.042193105909973,1700252276.6500428,
-53.69561361381784,-40.99678331427276,-14.278938030824065,65.7530510709621,1700252276.6636627,
-26.577599035110325,25.31912270002067,20.93969985190779,-18.506894930731505,1700252276.6636627,
162.39954572590068,55.81800683867186,40.24880332313478,22.968595577869564,1700252276.6791232,
-170.03268153546378,-27.3461484760046,-10.770911872386932,-27.015167329926044,1700252276.6791232,
103.70929572125897,-14.87732202373445,-6.110996527597308,102.19837613916025,1700252276.680024,
70.21101181814447,71.60038465168327,54.01163516007364,-35.2953058318235,1700252276.680024,
-94.85321262618527,-3.1265563629567623,-0.7218006914481521,-30.194082292262465,1700252276.694156,
97.16073089884594,-34.354720992967486,-20.719045754522085,139.44029989792034,1700252276.694156,
-51.75834543677047,62.968695553950965,48.925371220335364,-78.03488252544776,1700252276.7090442,
100.27606756193563,26.11572139058262,16.698653302155435,26.876791031565517,1700252276.7090442,
-46.17467480292544,-43.82040778081864,-20.760184654034674,64.22717188904062,1700252276.7104335,
-18.016968036536127,22.95924582798034,15.191473620012403,-23.57071947073564,1700252276.7104335,
161.8385607325472,53.338453168049455,38.378853345289826,21.92142359027639,1700252276.7233286,
-161.40473233768716,-28.097868367098272,-11.077583668753505,-26.674836433958262,1700252276.7233286,
105.14541730424389,-11.358076165430248,-6.45132742356509,102.31057313783094,1700252276.7393107,
70.65979981282726,74.74938041437417,55.12612534686923,-33.92650244804099,1700252276.7393107,
-86.91714492021129,-4.345763748511672,1.686694880016148,-35.055952234659344,1700252276.7400403,
91.81267396220937,-37.45509805623442,-19.193166572600603,135.5321044442244,1700252276.7400403,
-51.40305494097993,62.25437466241419,45.75767595786601,-82.64243927085772,1700252276.75336,
108.43278936529532,27.215251977555454,19.885048064403236,30.40725658973679,1700252276.75336,
-55.38978829374537,-39.39984603319317,-10.8569295713678,66.86006145784631,1700252276.7694197,
-27.12362442864105,28.18014616612345,23.856821817345917,-21.15848399931565,1700252276.7694197,
156.7223775931634,58.45463630743325,39.695298129692674,29.778953397180885,1700252276.76974,
-167.82614056160673,-27.592981873080134,-8.814944195561111,-25.21253555128351,1700252276.76974,
103.1034319284372,-9.521785287186503,-4.218607150018215,99.38597137248144,1700252276.7833605,
64.42912648664787,73.29081943165511,55.94516343716532,-33.7395074502565,1700252276.7833605,
-94.10897253500298,-2.771265867166221,-0.24683339707553387,-36.41727581853047,1700252276.799033,
96.88397830212489,-37.230704058893025,-18.92015387583524,134.31289705866948,1700252276.799033,
-49.937014158349484,62.64706415776163,46.27752205170691,-79.18677171180025,1700252276.7998023,
109.69313565036282,22.60021543223411,18.635921479202807,26.917929931078106,1700252276.7998023,
-44.51415922259912,-38.16193914785981,-16.55279720388353,65.61467477260157,1700252276.813445,
-22.471188883762807,24.773097306489944,19.204386272467673,-27.018907229881734,1700252276.813445,
164.3929124022834,53.05422077141702,40.18522502388805,26.570119235198945,1700252276.8292177,
-160.90358574362472,-30.64100033696741,-9.458206987939775,-19.613905317615718,1700252276.8292177,
108.75442076148465,-13.213066543452442,-3.4706271588802338,101.74584824452177,1700252276.829794,
76.97275093803182,76.91104258876294,52.21274328138679,-30.130503993015736,1700252276.829794,
-92.77756815077737,-9.170234691351652,-0.11967679858207703,-32.71851476235315,1700252276.8438575,
99.95817606570199,-35.570188478566706,-19.615775267593563,141.62440147204325,1700252276.8438575,
-51.870542435441166,59.99547508917749,47.83332043327391,-83.53627536026761,1700252276.8597257,
100.82209295546636,25.928726392798126,13.65437473822385,26.76085413293913,1700252276.8597257,
-46.88899569446221,-43.10982678923756,-19.077229673974216,67.0507963555865,1700252276.8598323,
-25.61644474649802,27.245171177200973,21.624101543799043,-18.555513630155474,1700252276.8598323,
158.34549417393282,59.19139659870416,39.96831082645804,29.775213497225195,1700252276.8733785,yes
-162.7997150211595,-26.11572139058262,-14.252758731134236,-22.085979188326746,1700252276.8733785,yes
101.02030765311792,-9.850896483287215,-2.453374370932579,101.86926494305953,1700252276.8891292,yes
68.0156905441545,73.02154663484544,50.858899497427046,-27.826725620310754,1700252276.8891292,yes
-101.09136575227603,-2.0793843753635883,4.989026540890336,-34.31545204343274,1700252276.8899817,yes
103.82897251984105,-30.22961134184152,-15.486925716511905,135.4872256447561,1700252276.8899817,yes
-52.65966132609174,62.639584357850254,46.2064639525488,-85.83257393306121,1700252276.9037182,yes
97.35520569654182,22.824609429575503,17.072643297724426,27.57615232327953,1700252276.9037182,yes
-41.92240855330601,-38.33023464586586,-18.88275487627834,66.65436696028337,1700252276.9197464,yes
-28.34657171415165,28.22502496559173,19.70553286653012,-26.263447438832372,1700252276.9197464,yes
166.5022159772925,53.40951126720756,38.36015384551138,26.652397034224123,1700252276.9198208,yes
-162.72117712209,-28.860807958059013,-6.645802221260965,-24.580492458771914,1700252276.9198208,yes
104.4759752121754,-8.777545196004212,-3.380869559943676,94.51662163017318,1700252276.9338572,yes
68.8646478340961,73.55635232850909,52.093066482804716,-32.13135046930984,1700252276.9338572,yes
-99.59540577000007,-6.9412543177604675,-0.8676567897200584,-38.72479409119114,1700252276.9492097,yes
105.72510179737583,-32.24541741795838,-15.25879181921482,139.4178604981862,1700252276.9492097,yes
-47.868849482852966,63.72041544504464,46.62159284763038,-83.55123496009037,1700252276.9501595,yes
95.4702961188741,22.57029623258859,15.505625216290355,21.251981498207897,1700252276.9501595,yes
-39.37927658343688,-41.198737911880016,-17.532650992274284,72.03982289647684,1700252276.963473,yes
-30.979461282957345,27.847295070067048,21.115475149825215,-35.11205073399469,1700252276.963473,yes
160.71659074584022,56.77168132737279,35.31587528157979,27.781846820842475,1700252276.9792774,yes
-158.58484777109697,-26.306456288322806,-9.604063086211681,-20.930350102018565,1700252276.9792774,yes
99.46450927155092,-10.153828379698098,-5.905302030034363,93.33107334421948,1700252276.9939551,yes
69.48921112669632,70.42605606559664,52.953243472613394,-30.75506728561595,1700252276.9939551,yes
-102.90521723078564,-7.281585213728249,2.4047556715086102,-36.84736431343481,1700252276.9947126,yes
102.6247247341089,-35.7945824759081,-21.500684845261276,142.1180682661943,1700252276.9947126,yes
-46.12605610350147,64.41977673675865,45.80629465728998,-85.04345504241064,1700252277.0260983,yes
99.97313566552475,17.835582888685167,16.09652940928936,23.1032319762744,1700252277.0260983,yes
-32.217368168290704,-41.55028850771487,-17.33069639466703,72.43251239182428,1700252277.026178,yes
-35.29904573177919,25.659453595988452,21.134174649603665,-32.67363596288487,1700252277.026178,yes
169.59137334069237,54.2472488572821,38.99593683797866,33.86666404874995,1700252277.0274527,yes
-161.22521713981405,-27.970711768604815,-7.2254867143929005,-21.55865329457447,1700252277.0274527,yes
99.18027687491849,-7.726633308455348,-3.2873720610514283,94.71109642786905,1700252277.0277157,yes
70.24841081770137,73.8144054254517,51.93225078471005,-34.95497493585572,1700252277.0277157,yes
-109.19198905630037,-6.9038553182035685,-1.7652327790856361,-32.999007259029895,1700252277.0386643,
109.26304715545848,-35.970357773825526,-14.447233528830111,140.1247015898116,1700252277.0386643,
-49.66026156162843,66.31216611433774,47.49298953730613,-81.81218148069456,1700252277.053383,
96.20331651018932,24.61976140830666,16.0815698094666,24.74504805682227,1700252277.053383,
-38.94170828862116,-41.55776830762625,-17.36809539422393,72.70178518863395,1700252277.0690887,
-25.98295494215563,24.784317006357014,23.217298924922943,-30.616690987255424,1700252277.0690887,
150.13641377119347,51.94347048457712,38.60698724258691,27.20964212762192,1700252277.0697885,
-164.33681390294805,-29.605048049241304,-8.07070410437882,-20.30204690946266,1700252277.0697885,
101.05396675271913,-6.4588072234764695,-1.484740282408893,93.26001524506137,1700252277.083821,
69.9043400217779,70.75142736174166,48.29706802777946,-33.417876054067165,1700252277.083821,
-107.20236227987334,-12.214513255283237,-2.3149980725720525,-39.14366288622841,1700252277.0995457,
104.77516720863059,-34.56041549053043,-17.633628291077912,140.37153498688713,1700252277.0995457,
-50.92808764660731,65.79605992045254,47.76974213402718,-82.48162357276306,1700252277.09983,
86.6142130238004,26.025963791646063,14.320076930336654,22.231835286598653,1700252277.09983,
-30.953281983267516,-37.87770675122738,-18.033797586336732,79.29522881051525,1700252277.1136403,
-28.084778717253357,30.386687139980495,21.650280843488872,-32.90924966009334,1700252277.1136403,
166.44237757800147,52.938283872790635,38.77902264054865,26.884270831476897,1700252277.1290903,
-155.60414750641212,-30.65595993679017,-9.64894188567996,-18.6564909289591,1700252277.1290903,
100.11525186384097,-8.624209297820926,-6.148395527154207,92.26146195689216,1700252277.1300554,
83.46147736115381,70.2540206676349,50.98979599587619,-29.337645202409476,1700252277.1300554,
-107.60253157513216,-12.670781049877405,1.3575836839154363,-39.072604787070304,1700252277.143853,
105.23891480313614,-33.51324350293726,-20.689126554876566,138.35198901081458,1700252277.143853,
-41.851350454147905,62.78918035607785,46.59915344789624,-84.12717955326661,1700252277.1596017,
91.36388596752658,19.918707164004445,16.369542106054723,19.98789531318471,1700252277.1596017,
-35.766533226240426,-38.92487873882055,-14.963339722715318,80.80240849265829,1700252277.174506,
-29.52464020019397,30.405386639758945,25.562216197140515,-32.92794915987179,1700252277.174506,
156.12025370029733,54.120092258788645,36.19849167112261,23.869911467190832,1700252277.175383,
-158.97005746653304,-34.784809487871826,-13.138268544338644,-13.588926488999277,1700252277.175383,
92.54943425348029,-11.67970756161958,-1.8699499778449535,89.58743348857388,1700252277.1890903,
70.6822392125614,73.7732665259391,49.336760215461254,-26.82817233214155,1700252277.1890903,
-116.30527877202258,-10.131388979963958,-1.9858868764713407,-40.04871867550537,1700252277.190024,
105.72136189742014,-31.598414725624025,-19.421300469897687,139.1560675012879,1700252277.190024,
-44.09529042756185,66.13265091646463,51.65175828803331,-82.51154277240857,1700252277.2034435,
84.58344734786078,18.299330483190715,16.006771810352802,25.22375525115058,1700252277.2034435,
-27.273220426868647,-41.82704110443592,-19.043570574373007,78.95115801459178,1700252277.2359967,
-30.549372788053006,30.52132353838533,24.855375105515122,-31.65264327498153,1700252277.2359967,
158.32679467415437,56.36777213215828,39.01089643780142,27.864124619867653,1700252277.2361925,
-159.59088085917756,-29.481631350703537,-12.44638705253601,-13.996575584169477,1700252277.2361925,
97.78529419144616,-6.354090024717152,-1.4211619831621647,87.9493573079817,1700252277.2375,
80.5032164962031,72.01177364680916,48.63365902379155,-28.447549012955278,1700252277.2375,
-118.04807215137407,-10.774651772342622,-2.333697572350502,-42.98080024076626,1700252277.2377672,
109.23686785576865,-32.69420541264117,-17.547610592097044,139.3468023990281,1700252277.2377672,
-39.057645187247545,68.83659858442843,48.5775605244562,-79.03343581361696,1700252277.2483344,
87.30235461564735,17.113782197237015,14.09568293299526,20.941569801885635,1700252277.2483344,
